SymmetryIndex,LongestOrthogonalRatio,ratio,min_red,min_green,min_blue,max_red,max_green,max_blue,mean_red,mean_green,mean_blue,median_red,median_green,median_blue,std_red,std_green,std_blue,contrast,homogeneity,energy,correlation
0.8047209080745074,0.8210185892043161,0.022284125,0,0,0,208,208,208,54.28682040092068,54.28682040092068,54.28682040092068,37.0,37.0,37.0,44.962646269680526,44.962646269680526,44.962646269680526,1.4786680959635432,0.7250377604398852,0.052064678323453135,0.9997832061382121
0.7722734849598822,0.6756187527305683,0.025659,0,0,0,251,251,251,50.53376495576601,50.53376495576601,50.53376495576601,35.0,35.0,35.0,41.672498362800305,41.672498362800305,41.672498362800305,1.6779121524682084,0.724124906339833,0.05377034844534555,0.9997559431586056
0.5936187782533617,0.8051959270203646,0.066279375,0,0,0,255,255,255,86.11802879855159,86.11802879855159,86.11802879855159,82.0,82.0,82.0,60.63485818991976,60.63485818991976,60.63485818991976,2.52806564753965,0.6790714659166575,0.04341718550527568,0.9996852298071033
0.48781922170811365,0.7093345658298247,0.039562125,0,0,0,219,219,219,69.68420975027672,69.68420975027672,69.68420975027672,61.0,61.0,61.0,46.061015330038494,46.061015330038494,46.061015330038494,2.274407084160411,0.638563733863238,0.04511575378482091,0.9994764025009812
0.6667178811660399,0.7440569563316096,0.027493875,0,0,0,255,255,255,101.67371217528752,101.67371217528752,101.67371217528752,99.0,99.0,99.0,64.36607179964204,64.36607179964204,64.36607179964204,2.4669849859843502,0.6826756385976471,0.04356450355387447,0.9996895402199182
0.48815425944645374,0.9661990308475512,0.0177505,0,0,0,204,204,204,84.40838286245457,84.40838286245457,84.40838286245457,83.0,83.0,83.0,51.694878944185774,51.694878944185774,51.694878944185774,2.2510216137860732,0.6356586505071158,0.05224131791703937,0.9996664830025818
0.48343662413795563,0.4512559361622812,0.01697625,4,4,4,238,238,238,71.77709545197948,71.77709545197948,71.77709545197948,66.0,66.0,66.0,41.2092530687532,41.2092530687532,41.2092530687532,3.869756028791219,0.5087697641139208,0.038260827655284296,0.9994876727843548
0.4853059999185443,0.33333332645824193,0.02236225,3,3,3,183,183,183,45.25812846799107,45.25812846799107,45.25812846799107,33.0,33.0,33.0,37.022350845943194,37.022350845943194,37.022350845943194,2.045996133316142,0.6505431719693638,0.051891382514201195,0.9996630977961423
0.6095427397800142,0.9446961528654619,0.02159825,0,0,0,255,255,255,75.75386894771567,75.75386894771567,75.75386894771567,74.0,74.0,74.0,53.772924514258335,53.772924514258335,53.772924514258335,2.1150369505055124,0.7109261555207782,0.0815893361635243,0.9975614257974224
0.6493464145627762,0.7962038272225026,0.047350375,0,0,0,255,255,255,69.01654861937911,69.01654861937911,69.01654861937911,58.0,58.0,58.0,51.717212930525754,51.717212930525754,51.717212930525754,3.6860409028969725,0.6096385984820976,0.07633016897386172,0.9965287354366337
0.5928649599002652,0.9347387502238127,0.04089275,0,0,0,255,255,255,97.26471888863756,97.26471888863756,97.26471888863756,98.0,98.0,98.0,47.99007263815288,47.99007263815288,47.99007263815288,4.787464302703881,0.5061947267546199,0.044733749199701744,0.9970672326447798
0.7157321958446896,0.8970842298393517,0.05412025,0,0,0,255,255,255,89.23949907844107,89.23949907844107,89.23949907844107,84.0,84.0,84.0,47.1313494539592,47.1313494539592,47.1313494539592,5.109998265105211,0.6004346825391809,0.0864167349685507,0.9968564959770841
0.5874753918454216,0.46974932955110826,0.04896,0,0,0,255,255,255,78.62152862881264,78.62152862881264,78.62152862881264,70.0,70.0,70.0,48.55453504138833,48.55453504138833,48.55453504138833,6.423930126179945,0.6363231601069621,0.06557086217373427,0.9989008303194158
0.7016987085622806,0.8043963701593365,0.032988125,0,0,0,255,255,255,114.66626500697852,114.66626500697852,114.66626500697852,108.0,108.0,108.0,53.347940273841594,53.347940273841594,53.347940273841594,5.500745192694959,0.4696365145205304,0.040766689235867286,0.996815368287562
0.5088217963172673,0.8450126526804059,0.047882,0,0,0,255,255,255,99.7496432201384,99.7496432201384,99.7496432201384,100.0,100.0,100.0,49.503634308528824,49.503634308528824,49.503634308528824,7.661931148217186,0.5521746297702286,0.03682228143735458,0.9976532524054036
0.7414438811481678,0.5987510187469803,0.050420125,0,0,0,255,255,255,87.01868301595842,87.01868301595842,87.01868301595842,82.0,82.0,82.0,44.15913141079656,44.15913141079656,44.15913141079656,5.135226445378958,0.5598101989412418,0.0377184218063073,0.9985024994914871
0.7482666950693107,0.9331643896235708,0.044375,0,0,0,255,255,255,101.40074084507042,101.40074084507042,101.40074084507042,101.0,101.0,101.0,50.84723054133282,50.84723054133282,50.84723054133282,8.183595996473354,0.5201557519538633,0.04395166983858034,0.9955328528580618
0.7454015385961756,0.7986634102670823,0.041218125,0,0,0,255,255,255,115.35414739672575,115.35414739672575,115.35414739672575,112.0,112.0,112.0,51.70130307931254,51.70130307931254,51.70130307931254,3.856176705647528,0.5680411894694113,0.04550891365626403,0.9981811764807014
0.8080132604698143,0.8433363722286797,0.037124875,0,0,0,255,255,255,87.3211885112969,87.3211885112969,87.3211885112969,87.0,87.0,87.0,40.28857366178582,40.28857366178582,40.28857366178582,5.028700794841727,0.5961550810648666,0.04644710127177665,0.9978903227482039
0.6802325194815491,0.8688770262764479,0.058009875,0,0,0,255,255,255,73.51873136542126,73.51873136542126,73.51873136542126,67.0,67.0,67.0,51.400539874079115,51.400539874079115,51.400539874079115,6.185353672945876,0.5218768488957163,0.035366210921513166,0.9981932619922312
0.7375529410169255,0.6169091927009035,0.048131375,0,0,0,255,255,255,108.35475300674456,108.35475300674456,108.35475300674456,107.0,107.0,107.0,42.95999471461424,42.95999471461424,42.95999471461424,4.901667668750665,0.48963094783129724,0.04498680240932462,0.9962393840070749
0.5949290624141838,0.7104022231057373,0.04144025,0,0,0,255,255,255,118.60647860473814,118.60647860473814,118.60647860473814,121.0,121.0,121.0,67.77861294984457,67.77861294984457,67.77861294984457,6.694138585543593,0.49584606356066113,0.04633581282735484,0.9964171984504087
0.4872717055867052,0.41255801621043786,0.05032175,0,0,0,255,255,255,98.75989093516554,98.75989093516554,98.75989093516554,100.0,100.0,100.0,48.60698094350838,48.60698094350838,48.60698094350838,5.851144593011677,0.4926168008349535,0.044641822918555965,0.9959255097328619
0.6622425495940436,0.95723108895918,0.067514375,0,0,0,255,255,255,59.719365320348444,59.719365320348444,59.719365320348444,50.0,50.0,50.0,41.563858017647675,41.563858017647675,41.563858017647675,3.627078939427891,0.6536751514968325,0.06807848775043843,0.9985911406149093
0.8326730351304189,0.543703335221098,0.034444375,0,0,0,255,255,255,89.82257020679477,89.82257020679477,89.82257020679477,95.0,95.0,95.0,49.15100260914405,49.15100260914405,49.15100260914405,4.359966635001822,0.6524967979167657,0.0779979665494375,0.9968680013159985
0.7829861349449807,0.9189387475041103,0.049166,0,0,0,255,255,255,92.2772020637568,92.2772020637568,92.2772020637568,93.0,93.0,93.0,63.28601550336197,63.28601550336197,63.28601550336197,2.961333945199282,0.6595654645195677,0.07777973317640163,0.9982170663893604
0.47754830648924285,0.7158749603520286,0.011295125,0,0,0,255,255,255,80.66372660771793,80.66372660771793,80.66372660771793,77.0,77.0,77.0,46.733514141137626,46.733514141137626,46.733514141137626,4.7789426560272545,0.669338142570727,0.04846368886991166,0.9979191244514765
0.6429927761846275,0.8621972781334775,0.0226905,0,0,0,255,255,255,131.12133014550878,131.12133014550878,131.12133014550878,141.0,141.0,141.0,62.69003660457771,62.69003660457771,62.69003660457771,2.5301334977816454,0.7008121599991226,0.04445096774490377,0.9994393107045996
0.674528541333112,0.7400329949640446,0.044775625,0,0,0,255,255,255,80.88690275121787,80.88690275121787,80.88690275121787,75.0,75.0,75.0,55.30724536242347,55.30724536242347,55.30724536242347,4.847445130313231,0.6989356474805817,0.0854037326047136,0.9967424123152785
0.5001419218319554,0.8892453818325157,0.053566375,0,0,0,255,255,255,104.91042810594021,104.91042810594021,104.91042810594021,104.0,104.0,104.0,53.71948986475208,53.71948986475208,53.71948986475208,5.301266546697272,0.5298156881078369,0.04216460229021414,0.9978491970024379
0.8303272374441487,0.5,0.011362125,8,0,0,255,255,255,130.80313615044133,110.84205566006946,93.56194740567162,139.0,120.0,95.0,50.07429689633073,49.40002021304442,47.636720636277026,2.773135810368331,0.6970248409910744,0.052848707019200206,0.9987985988784014
0.7755954989920273,0.7783381454904102,0.009864166666666667,2,0,0,255,255,255,91.086939258258,76.283416406184,74.69413280391991,81.0,61.0,58.0,68.51819481171877,60.86169712378821,58.4508225082855,4.611161720949699,0.5985836617188194,0.043011512070612865,0.9981171217012563
0.4980392156862745,0.7858479618224581,0.008155916666666667,6,2,0,255,255,255,84.73465071369456,70.85525845245272,55.49679680395623,77.0,63.0,42.0,55.26763536673864,50.38532092925722,44.80968301857646,5.189310199386009,0.5587662864240154,0.039593087338764016,0.9980382651074224
0.7123451779866649,0.39393941841690566,0.0080445,7,5,0,255,255,255,79.30026208382539,65.87739034951416,44.335845401620155,70.0,51.0,32.0,51.36076854892605,48.33149801074276,36.99091697421535,4.173457274121131,0.5901621274338809,0.04124671460974284,0.998691068026897
0.4980392156862745,0.583006500494487,0.00541725,5,5,0,192,188,182,71.2880612857077,57.11564139246543,48.083975571861494,57.0,37.0,28.0,48.88376754416178,49.54143218502413,47.202185127609326,1.648505167573092,0.6768574995765476,0.05465799419077608,0.9997725753293494
0.5700372916683945,0.926838984166608,0.009457333333333333,9,7,5,255,255,238,111.74829497391795,88.43912572254335,63.46918616946285,118.0,97.0,65.0,50.74702261561175,46.22214215543448,35.49956243091117,3.142645686276297,0.6181843781808012,0.044831438254765946,0.9989082939261635
0.5020991042983358,0.19999998134079502,0.0104475,11,8,0,255,255,255,142.60352556432957,117.72198691872059,91.58747307968413,151.0,128.0,88.0,63.649250228512116,62.29575644122234,53.26071983321595,6.636089103075518,0.45763875465371046,0.03187192120210692,0.9978492565445314
0.4980392156862745,0.8090656326954085,0.01157,0,0,0,255,255,255,111.84182872371075,92.67999135695764,73.69265701526938,109.0,91.0,65.0,47.0269654511318,45.57876729105866,44.09892690013977,8.762757455086476,0.5782961749332286,0.03767919589361417,0.9976921270242687
0.6882525356362486,0.8446601941747572,0.016584833333333333,4,0,0,255,255,255,92.50466791948467,68.2136465043363,53.35651800339668,87.0,65.0,45.0,50.42578035191402,44.588168680582804,41.984803141630564,10.652648482640727,0.48289765374265514,0.03600985417579297,0.9964477111379539
0.6977053105061428,0.5,0.01470125,8,5,0,210,191,152,85.4321798033047,71.09253181418813,56.04179066405918,90.0,72.0,52.0,39.00912966808919,34.21862788441932,29.165267430624247,3.6771614995276627,0.5190613050983488,0.03821879153384784,0.9986981133606858
0.648368170954414,0.4409236568656111,0.0093895,8,5,0,255,255,255,107.5233061753377,97.90795125761045,77.16804675435327,101.0,89.0,62.0,55.84521327246895,55.90193502779787,52.38133532489902,3.633535455375677,0.520326825147688,0.035840724595809094,0.9989721591980267
0.5183295451330272,0.9313056253366975,0.013253875,3,0,0,255,255,255,108.27123514192391,92.4546783487848,76.25330327922966,102.0,91.0,68.0,46.35064452495959,45.36817958514439,42.863069925176816,11.935566804870287,0.590067698976406,0.03842992735273596,0.9969633925335226
0.6030925479140672,0.6037816422826089,0.019391333333333333,11,0,0,255,255,255,119.0475448654038,85.42250403960533,76.48012857977791,122.0,84.0,79.0,47.997968805838184,44.95245864803391,42.7223091356638,6.132540880564621,0.5297432673172786,0.037989685552636585,0.9975608925539705
0.6181350292818718,0.9530678969598909,0.012554333333333334,9,0,0,255,255,255,127.00183867456124,103.29353742399702,88.42585561426334,127.0,106.0,85.0,48.30789912342913,45.19593159362092,45.4659651759151,8.856969605390471,0.4723239255859701,0.029221742505260783,0.9983756366745875
0.7881893542678876,0.9115611121332741,0.013615416666666666,9,6,0,235,217,250,89.05096857116627,74.80014689230957,47.33235609144046,79.0,68.0,32.0,46.04028813402557,42.821848000722376,42.0420930194357,6.839485371473007,0.46853726905010057,0.03852583925883325,0.9969538311457142
0.6723393276486913,0.9451582354052109,0.020934458333333333,5,0,0,255,243,241,98.75631484772913,84.42244744012564,68.4666369442725,98.0,84.0,60.0,45.11698340433194,42.30267497143862,44.161856556183146,8.17074374939916,0.4722931169323389,0.03873450945878472,0.9965276211599617
0.4980392156862745,0.9710386578724336,0.012116,3,0,0,255,243,255,94.8547272202047,82.9542581435017,109.70195746671068,87.0,78.0,97.0,59.198221012859946,52.427298011592725,66.94287514806042,5.040436425657234,0.47828932307946675,0.040704517326797654,0.9973285574730573
0.6835854693843597,0.6558773795828332,0.009546375,6,4,4,255,237,255,109.06776568767377,89.05055583925835,110.66532671651106,111.0,87.0,101.0,62.73058274468106,54.266553844894965,66.2345996737985,4.709448313373842,0.4765636768470842,0.039812400997413344,0.9976789893747798
0.7560640161485748,0.6865629693639261,0.01780525,32,14,17,255,255,255,181.83911814399312,184.90425576725966,159.38617355368032,189.0,192.0,155.0,38.707849463640244,37.77343469350152,44.09615550757426,8.678495348445379,0.6776921731360169,0.046235749448064384,0.9974060388284662
0.6665592580043656,0.7586096804616722,0.019849666666666668,10,4,4,255,250,255,122.11744739626191,95.00974827453022,104.86522653612991,121.0,88.0,102.0,54.725906926775984,53.2781514857209,56.37440616227443,8.265420011539332,0.3842198658332193,0.035310378216401164,0.9947899872098183
0.744286719231144,0.9576925910988143,0.021936333333333332,5,2,2,247,248,255,129.2709602789892,108.5601475482077,131.83512703429622,135.0,108.0,134.0,52.81239303662652,50.473062935294045,58.27640689596081,7.54383564105688,0.39416349340549783,0.03085908681472897,0.9969182065026718
0.8129872793893287,0.8966995668984914,0.020392,7,0,6,245,240,255,109.41142564077415,97.11783828625605,105.92190564927422,110.0,98.0,102.0,47.0522351241095,47.876805016659745,51.52171639800505,6.7100574145556795,0.409319473868872,0.033366907640909285,0.9965395930757044
0.4980392156862745,0.7373083554140707,0.0164825,19,0,1,255,234,241,124.50289953991607,105.12211436371909,105.59176146417919,118.0,102.0,98.0,48.61106263466439,46.84213427150966,46.932319689678714,9.143706244138226,0.3807551340047588,0.03534321149883413,0.9940477312307245
0.6413237972216783,0.9515556231269591,0.01179075,7,0,0,234,240,238,111.74148166995315,99.25816494568483,84.50671783672229,104.0,91.0,70.0,55.12735174472994,55.87585840050526,53.713062475385456,6.7503437408359375,0.4538741950962253,0.04216711902597657,0.9980736472870505
0.7826451589705615,0.813836085778395,0.013451333333333333,4,0,0,220,191,170,71.99095195024037,47.837197056053924,33.5946963126332,67.0,38.0,22.0,40.42840314215426,38.23780394746258,31.981206024476805,3.8698581101125473,0.4930368169845266,0.03553998202210519,0.9985497566589057
0.8207570213185045,0.7292364642098385,0.008527833333333333,0,0,0,255,255,255,92.5645533253855,76.86732659722087,59.92730177653566,80.0,67.0,47.0,54.07594998992329,50.861393091630596,43.96355958428496,3.7754065244652337,0.6686463322745193,0.05407010081159477,0.9980326413732044
0.6564613488939794,0.7333957772772499,0.007866333333333333,0,0,0,255,255,255,94.59632293741261,79.68334463324717,62.76728886817238,83.0,69.0,49.0,54.85508320700254,52.266303911624995,45.393121489540775,4.183378186151851,0.6573220923202694,0.051315070724176265,0.9979568000033034
0.6488799511987038,0.8198709460926612,0.010403666666666667,3,1,0,255,255,255,74.82939508506617,60.47057527794688,52.16240668354106,68.0,54.0,39.0,49.492277298652276,43.82406329659537,43.68838297699246,6.257136832999231,0.5785277276849545,0.035606389760917984,0.9986307791724627
0.4980392156862745,0.9429202415158876,0.0114715,3,0,0,255,255,255,84.08003167269611,68.2764568713769,62.41357930523471,74.0,60.0,43.0,57.53349456180406,51.72035802733731,54.71550666705779,8.035814232227615,0.5701135067985953,0.0356181460121048,0.9981924239902267
0.6142707111100714,0.9330429503808793,0.007962833333333334,6,6,0,255,255,255,107.65947527052766,85.07537099441154,68.8714130230027,104.0,78.0,57.0,54.976860601759675,51.04521187023054,46.31843397196164,2.6978390029939536,0.6641220960694356,0.05750854672530495,0.9983068923306273
0.4980392156862745,0.7381383277283006,0.016996833333333333,4,3,3,211,193,240,75.80724840901736,52.755802551455666,69.63907247428442,70.0,47.0,58.0,49.46692969852156,34.121382985155314,46.39927561160914,3.7593574844977002,0.5213772865026782,0.037987172981348294,0.9987701485162044
0.4980392156862745,0.810699711908591,0.0200545,3,0,0,193,182,208,59.279951714910204,40.5533088999144,49.027884431590586,49.0,33.0,42.0,40.585846454518745,31.240178397949144,32.39865906228686,3.5158284169742835,0.5401899881042533,0.038267862343560874,0.9988499192280645
0.7212118598339992,0.5044769878709607,0.013184833333333333,0,0,0,255,255,255,73.0190085830942,57.99138530382131,59.9767662339304,46.0,33.0,41.0,65.25463976449186,58.797617514820644,54.73154000982221,6.34056837787845,0.5273503153602428,0.04306538684302086,0.9973724790990124
0.5835913400912163,0.7879195241928375,0.02632075,1,0,0,187,185,196,67.26484174399792,50.05345592355841,55.19816431269373,69.0,41.0,49.0,44.36605732289715,35.279417147948664,35.771817409098865,3.794995220032841,0.5339194003515904,0.037280893896211476,0.9987357398562573
0.5345630251527143,0.7599099710966122,0.024412833333333335,2,0,0,202,177,225,59.47885162858333,39.97087426694976,52.611186397864515,51.0,31.0,43.0,41.52924318852693,31.198525113456725,38.92540580006816,3.246992406350185,0.5510646003335662,0.038919446184745125,0.9988338888578948
0.6391202580802497,0.667046207728557,0.024656666666666667,0,0,0,255,255,255,91.45933148573747,72.9335169663377,70.81611802081925,93.0,66.0,57.0,66.04640040411401,58.18152926965986,59.954408305052326,6.354952156351442,0.5157209978861125,0.045497667468023736,0.9967693991626081
0.5328308475928872,0.5555183790390568,0.017510333333333333,0,0,0,255,255,255,110.33575888522968,89.91863375911366,88.1391178542194,99.0,85.0,74.0,59.100871988340145,54.38322765277496,55.414982527551444,9.757614837988177,0.508034183744801,0.04483225543274716,0.9961740967024388
0.4980392156862745,0.7786512434303844,0.0161465,5,4,4,255,255,255,109.28607334922945,92.61858091020758,84.73291683440168,104.0,88.0,74.0,59.923689298200784,54.366568721533696,52.805073024807335,7.652484650148116,0.5132672309223001,0.03746810350484435,0.9976560666089059
0.679152616167079,0.6813145202691396,0.017729,0,1,0,232,253,255,63.17977607310057,61.18455167616147,54.62972154849869,52.0,56.0,48.0,46.066799064495626,41.13404586928671,44.47146614824482,3.296864487877248,0.5963068607965323,0.04451404365046076,0.9991145560656696
0.8675870667054555,0.5630585898709036,0.015266166666666667,0,0,0,255,255,255,50.69719805233796,48.74256525868751,44.75581896787013,40.0,41.0,39.0,37.871176935188714,34.631277803440845,37.39960513525025,3.111888216527072,0.641045851798232,0.05191960664700086,0.9991556853927159
0.4980392156862745,0.5332603954567013,0.006874666666666667,6,4,0,255,255,255,99.34523492048099,73.5363047905353,54.45639182505818,93.0,66.0,44.0,50.06103383540866,45.85563568343864,42.749782532882406,3.146440053441338,0.6930237524705596,0.0512876135629106,0.9987067459896026
0.4980392156862745,0.309806513660536,0.0073725,7,0,0,255,255,255,128.65015824573302,115.84637730304058,74.54777325647112,137.0,123.0,70.0,60.84687978631261,63.483965013847445,48.48574799266212,5.048483139855643,0.6143309099416827,0.04803690263168525,0.9978092286565252
0.4980392156862745,0.898034334676061,0.018310166666666666,5,0,0,255,255,255,135.72293625581418,118.43931877554364,91.79726654590802,142.0,125.0,87.0,56.914827630439426,61.89142409696188,60.60547157581086,7.076515751491195,0.6112872349903669,0.047219584054698414,0.9971833068435253
0.5844345408707337,0.909453452536601,0.016965333333333332,6,3,1,255,255,255,128.26827255580005,108.82296005580007,76.27223406554542,130.0,108.0,69.0,47.536189349915176,53.56727055159875,45.67928054050534,5.678214307287399,0.6095357422725843,0.04799033837257467,0.9978439001182795
0.7368296964362011,0.5531824589018318,0.00476125,12,6,2,255,255,255,105.55332108164873,81.65403868031855,78.60267786820688,90.0,67.0,65.0,59.65607774506107,54.49472530710595,53.323136286219686,7.321723506764211,0.4667290985968289,0.034554691812577074,0.996895783790176
0.5544963587667588,0.4678990203251116,0.013378,5,0,0,255,255,255,110.83375068520456,90.53487068321124,64.45392933672198,111.0,96.0,60.0,61.554675023230466,58.3861562261536,49.203196265408515,6.314618924835091,0.6125290279165907,0.04819831087924772,0.997560081556201
0.6686391151473488,0.8275220829935384,0.007123375,0,0,0,255,255,255,84.87350331362124,68.95140997069507,67.02446756862676,74.0,57.0,52.0,56.433329109928714,53.60675619954549,53.41915656661679,8.540567536687337,0.6094564144347133,0.043891546495071765,0.9971864022705021
0.733991552450108,0.9321448876838225,0.019386833333333332,0,1,0,255,255,255,84.15991308534143,73.16555909938876,44.343848058390144,72.0,55.0,30.0,60.521509628361116,57.55922568065217,40.83407674502387,6.7619476093619415,0.5923841712054667,0.042976443494050665,0.9991068757223938
0.4980392156862745,0.4577421925204047,0.012790333333333334,4,3,0,255,255,255,85.31110408902556,65.12718263792969,44.00724179719059,86.0,59.0,26.0,60.53034435389206,48.82967500486741,44.883490787184,4.959404778889074,0.6271979130589957,0.05337215317442831,0.998167713466604
0.8489350988158963,0.4179093744353739,0.012707,2,0,0,255,255,255,76.4423939560872,59.143382256499045,43.44553854830671,70.0,46.0,21.0,57.971361151494975,49.175032356181006,48.38407487795732,3.4219588703989308,0.6544451425057685,0.053869392420948126,0.998846906585765
0.740852184697493,0.3181818181818182,0.015636166666666666,3,2,0,255,255,255,88.10591630514726,68.73323331592356,48.52152594945479,87.0,58.0,25.0,60.11675446258869,52.7695791359819,49.50401447951344,4.731090093585444,0.6301306901120631,0.05128584749705434,0.9986158107887524
0.5998965144770108,0.543719071842772,0.04024433333333333,0,0,0,255,255,243,112.94482970687385,96.30270307206811,75.13899782992223,116.0,96.0,65.0,56.71495982218397,53.9549413954767,50.73854161326373,9.351284911464967,0.5424697354101876,0.041482259445256485,0.9977263703545407
0.8939524404067725,0.7927841237946096,0.18745783333333332,1,0,0,255,242,234,93.76569486293361,83.5069122211484,61.49863658227139,66.0,54.0,40.0,78.55876753426612,72.6294381933002,53.191027584204676,6.151989616383963,0.6583211041950996,0.04636385176320359,0.998702150070202
0.8073101751758519,0.6178566441252308,0.015821865720477002,3,1,0,255,243,255,100.18287096586808,84.79046579753201,82.13378505099458,95.0,69.0,66.0,69.51829678158384,65.67095152522616,66.87957165064556,3.65471674057736,0.5723602500791918,0.05181348120119583,0.9980363420813423
0.7860058419395743,0.28278690307638565,0.05283633333333333,4,0,0,233,174,159,77.69553858140547,22.564004252124484,22.72829697367342,75.0,13.0,13.0,52.77881863649446,25.332708989900905,25.434458125757736,3.5725542015277716,0.5957377170146034,0.05445700051301195,0.9997421961611465
0.7751505308808828,0.637043132804786,0.0253965,2,1,0,255,255,255,91.79119826222774,73.792719141089,61.99315850609336,86.0,61.0,45.0,66.16599037678125,58.681860804342136,55.982204886123675,15.337141660671648,0.5902165722445636,0.051305533614900145,0.9940809848670299
0.897974982432205,0.5224705445726999,0.025438333333333334,0,0,0,255,255,255,67.63741073183516,52.78134868636572,37.9847687217454,44.0,27.0,18.0,64.1192073535871,59.01675756222488,54.78764322691577,6.661051849335941,0.5258234335720111,0.04211316953112827,0.9979011577387562
0.8432574229228199,0.9895416377334803,0.0432945,5,0,0,249,210,176,90.54806037718417,39.04691608248931,39.15233555455466,88.0,31.0,25.0,57.640511447907,34.50137443310003,36.036086494371744,3.6949196146620986,0.5741899315271383,0.046268612021932956,0.9996972486345654
0.641699971287274,0.9178129506631469,0.019838166666666667,0,0,0,200,184,193,81.51463298859942,70.09355283166288,65.46795738853557,91.0,69.0,51.0,54.26400797878469,51.065574966028265,50.652295073109045,5.403526317089266,0.4545413103509957,0.05175896346150535,0.9950956984172254
0.8170296469368885,0.9828967647813658,0.0197255,1,1,0,255,255,255,81.16849171546137,59.108829096009394,57.07836725727274,74.0,50.0,45.0,49.59129829258934,42.399479161647896,44.60270020501208,6.105572615567564,0.555063091800281,0.03452713493315442,0.9985696013395009
0.4980392156862745,0.5648118201982422,0.039453166666666664,3,0,0,255,255,255,89.4987675260541,71.18484257706395,55.7479965697726,80.0,55.0,41.0,64.29633802435741,57.534098045340905,50.37184084870091,4.905350487306334,0.5447481246362214,0.04690902055895855,0.9979340659487481
0.4980392156862745,0.9186495784651307,0.034042916666666666,2,2,0,230,215,255,81.0776030255927,68.28644480618827,71.70087634480986,84.0,66.0,62.0,53.40969724530408,48.60526503888,57.075468764067224,5.439922483716829,0.49225240443941737,0.038318592454403375,0.9979555945376647
0.8104282585296485,0.8169955790940396,0.038795666666666666,1,0,0,236,218,255,75.54917430640879,56.114034428243706,42.42026171307792,68.0,45.0,30.0,51.24001774591967,44.067451532065526,40.30506630147505,3.7045161706485157,0.5117979255856313,0.036637162107537334,0.9989718259446879
0.6177329146736712,0.1,0.0403435,3,0,0,255,255,255,96.504565997827,83.50684331635414,44.77779877799398,92.0,68.0,37.0,61.53062994815706,61.69460694175411,38.59714770493044,7.2603709577548505,0.5139327160773421,0.032446615041600055,0.9988829999137796
0.4980392156862745,0.7725426482534524,0.028906833333333333,0,0,0,255,255,255,71.71341695446867,54.98213657670332,31.641768670614216,55.0,38.0,21.0,62.06717409063471,50.529227988559946,31.176203355239597,4.732151520868372,0.5596369597347344,0.038983836113521214,0.9989312906928354
0.8131127971201626,0.9305821502038638,0.0365135,2,2,0,255,255,255,105.84271684901931,87.9574906084964,64.019556693643,107.0,90.0,53.0,64.73697664055932,56.50285266766108,50.84682455949167,5.2389668440420625,0.5447486329282321,0.039607886952003804,0.9987599389698263
0.9113175771093339,0.6097662109939646,0.038646,3,0,0,255,255,255,100.59977207645466,81.1874935310252,70.2089996377374,93.0,66.0,49.0,71.12899289341604,66.11335605475301,65.63988890989413,9.968788008911435,0.544943178106351,0.048401084723316265,0.9955472292760432
0.5981546286975052,0.7998331943286072,0.026421166666666666,0,0,0,174,170,196,53.36859809370013,49.71052722880014,40.645426331161254,29.0,21.0,14.0,50.059727303769016,51.0711290980839,45.36482638564163,2.3796595584934055,0.6180447745237122,0.05213014354569075,0.9988362394886412
0.5838816445498853,0.6355858261566175,0.0363615,0,0,0,255,255,255,60.03841173585615,44.70160288583621,34.32901787146662,53.0,31.0,21.0,44.53354885781196,37.34834650680108,32.7212595751354,6.0448433936929185,0.5369013486083918,0.038520625622224566,0.9983860247244434
0.8197557879272306,0.9599323764267083,0.025340666666666668,1,1,0,255,255,255,57.150882310383835,48.67015962484544,43.055350753729186,35.0,27.0,22.0,51.68615609292928,46.36411961898269,44.33138301068076,4.788134275548244,0.5002159903121941,0.048706689062270575,0.9976572210779614
0.8391930902391355,0.754680576475446,0.0257145,0,0,0,255,255,255,79.70279900445274,64.67220342608256,56.632629450310134,75.0,53.0,40.0,58.749182583375955,52.89373196276048,51.07557512997011,6.321619422566692,0.5802546640423469,0.05566705527912648,0.9971066980643473
0.7670845463713076,0.7361641123818857,0.026654166666666666,0,0,0,255,255,255,68.93065812099421,56.02605127403471,50.024087853681415,52.0,38.0,30.0,60.17033040059712,52.41067362773925,52.4957825982656,8.632329184193136,0.4924847026781161,0.043128992919092446,0.9966138209300108
0.8581209625998955,0.8585109565153307,0.028225166666666666,0,1,0,255,255,255,81.31879203547662,66.790238912082,58.255952134915056,83.0,59.0,45.0,59.19534254201034,52.09645095994196,50.06910933358911,7.278696531087901,0.4715906416393969,0.04555843004382429,0.9967577939999629
0.7029140451403979,0.8187947398036629,0.024927166666666667,2,1,0,250,240,249,76.42868389909269,70.00845463115877,60.49168744943602,57.0,44.0,40.0,62.132442951013935,62.867982007322276,56.42238608007418,5.034671959064196,0.5034028393545855,0.03593929431880389,0.9981748439332805
0.9446931058649869,0.6698124468800927,0.023710833333333334,3,0,0,255,255,255,80.15438618071909,61.102969809861875,53.9687800934875,66.0,42.0,31.0,61.54059800914508,57.1101966572125,57.55921620404811,8.831215867418258,0.5728000370923803,0.03871913847733366,0.9973649776678514
0.705745481069216,0.9888246840619204,0.0315595,0,0,0,255,255,255,68.10974772519633,51.90527416467308,40.52337119831852,65.0,48.0,36.0,45.03107665558622,37.106123036344734,30.689199803656788,7.282635033377697,0.5253153641381174,0.038218592065930354,0.9973552155084453
0.4980392156862745,0.8964401294498382,0.021639,6,0,0,255,255,255,108.29329181878398,83.63727914105704,64.08316581172882,110.0,83.0,59.0,59.50034642826596,52.28753962568933,39.56756179279053,6.387022980511563,0.4862470080783612,0.03467465308530751,0.9977548230607258
0.8912825492352452,0.7143780100409076,0.0153065,1,0,0,255,255,255,71.41703143544682,54.89458726684742,52.619431831792596,70.0,47.0,41.0,45.57685407761688,39.866746256300544,43.66181756538157,3.5293861030214133,0.6995351554331619,0.06086851219778702,0.9984326548377498
0.654091935398954,0.9488918148385204,0.03264966666666667,3,0,0,220,209,255,81.8713922551532,65.75769915976682,46.88347634993721,81.0,56.0,43.0,50.862524895429445,48.81402086754655,35.73944444556687,4.980625646277859,0.5069429515237053,0.044867786580597625,0.9985405340749031
0.9035048337806852,0.9448163631440216,0.021689,3,2,0,245,227,233,73.23347280495489,64.10663047320455,37.59503857562205,74.0,68.0,32.0,45.70299874991251,40.82381741222412,29.48510964227655,7.085134051765905,0.47298696017698205,0.03299868847862799,0.9980249202688991
0.6912244919484738,0.3333333333333333,0.021688333333333334,2,1,0,255,255,255,76.99542957042956,64.80999577345732,57.728217935910244,68.0,49.0,40.0,55.974491364228996,52.97788769433512,51.092897778103705,3.9754577389378856,0.6028850418559057,0.04517406558175997,0.9983082583149918
0.7777061796144882,0.9196606638660263,0.044359166666666665,0,0,0,255,255,255,73.91542804005185,57.91564783678683,57.842309932182374,63.0,47.0,45.0,59.90428842946361,51.99952187418627,54.86500518141998,3.645721226444363,0.6631137564892866,0.04734826884942478,0.9989816127670816
0.7491532440367572,0.6805591141115924,0.028797333333333335,0,0,0,255,255,255,56.54241422816928,46.62733239188814,40.955591952958606,28.0,17.0,15.0,58.171612166973546,53.53316347064749,50.8480503027337,5.087631172699902,0.6974722797731894,0.054366560849416753,0.9982337471910293
0.7926569872471779,0.6779169933890145,0.018531333333333334,1,0,0,255,255,255,59.9264219160341,48.01742094470627,41.47479719034428,40.0,29.0,23.0,50.24056610248855,43.60346811548867,41.18359986511335,3.825276350596134,0.6568238817550746,0.06546600847928022,0.9980369003520932
0.4980392156862745,0.6805562057947389,0.014578666666666667,0,0,0,255,255,255,48.25757385220413,35.063826138650086,28.610703996707517,27.0,19.0,15.0,46.34631385496132,35.567046477314726,36.44290499428313,3.049817547994448,0.6924017650234245,0.05204954950376679,0.9989216557600467
0.8525396759902172,0.61006801440305,0.028987666666666665,0,0,0,255,255,255,44.072200246081664,34.127051159688605,23.378694099789566,29.0,18.0,14.0,41.989777820908735,36.92559199894685,29.63593811176032,5.015331103428428,0.6417860547711971,0.041281003180220925,0.9988159035548623
0.5013964654771796,0.7992748937305637,0.03543516666666666,0,0,0,255,255,255,79.33237697014737,63.969751094722284,44.20790551758846,75.0,57.0,35.0,55.04209463970271,49.201628088251006,37.77769459135331,5.4413715170069885,0.5754691797459681,0.03654091848892198,0.9985947251727613
0.5501390184868536,0.8879732085329033,0.037257,0,0,0,255,244,255,51.736603188662535,43.72872882948171,43.70528468923066,30.0,19.0,19.0,50.030491788654494,45.5737495766198,46.87815091743346,6.038371644150219,0.5172682149057378,0.07059525296035021,0.9973899181399839
0.6560243820072374,0.8056705647012767,0.015522,6,4,0,255,255,255,98.86679658978655,85.03650732293949,76.41388029893055,95.0,76.0,62.0,59.26082927106624,59.95046411252723,58.26662468343374,4.508822938743855,0.6577410886158155,0.042629734952651294,0.9988961693157763
0.9495607398060126,0.6666111018503084,0.97160075,7,0,0,255,255,255,111.38462287621742,124.31443535320449,70.4627649268488,110.0,128.0,61.0,38.27395425192865,31.47720987714689,41.91950271380953,9.201067161121273,0.53068634522273,0.0438737251398984,0.9957439746556254
0.977796339898517,0.6666111018503084,0.981591875,9,0,5,254,226,255,131.0501484726871,116.85568094003766,118.09259262324952,134.0,120.0,119.0,30.323807395070954,33.66095577775865,38.520835681198655,1.7177845693903018,0.7205952835224425,0.061170664498777116,0.9992480769277287
0.9664216412094933,0.6666111018503084,0.9728486666666667,11,0,0,255,255,255,118.91938875556527,114.72416230547677,88.02989480892198,118.0,119.0,82.0,43.6510164832461,47.10366523135852,46.65380970880262,6.732661186188677,0.5439082664859085,0.03396257853997822,0.9983862261241003
0.9604522184359662,0.6666111018503084,0.9697215,4,0,0,255,255,255,134.01666363314965,123.53497670894856,89.90149096072085,132.0,132.0,80.0,40.1781405147054,36.7654129790225,46.594307187343674,9.29232541886919,0.6342410747730491,0.04946807518145464,0.996694696073835
0.9382710529827523,0.6666111018503084,0.967343625,1,4,0,255,255,255,94.48084683971531,110.18754956388946,81.02138144894823,82.0,107.0,61.0,55.314610376635045,51.19302365521468,55.09544058222686,9.34188493271613,0.5077610347533517,0.03433811577947067,0.9982197264367898
0.9743517475924678,0.6666111018503084,0.9611177916666667,0,0,0,255,255,255,82.30217350656855,85.79182373024257,71.88876129343667,58.0,64.0,44.0,56.56075058262859,53.58782150275026,62.267498163205026,9.547283004416835,0.5363536528990429,0.047480897104295094,0.9983958727505841
0.9723846375654787,0.6666111018503084,0.95915225,6,0,0,255,253,255,153.56260246135759,112.63698133777336,115.88162267773443,163.0,120.0,114.0,37.61844276088268,33.48630300075689,45.40772241772528,2.3893809579231338,0.6787704189309183,0.0692303412142132,0.9991437197032024
0.9393008948957797,0.6666111018503084,0.9678296666666667,9,0,1,255,255,255,117.15370938205724,123.33816944028374,97.551529211924,111.0,124.0,85.0,38.07436090347803,34.016754608313256,46.14481071579833,7.876183620495119,0.5794267261068348,0.04470091955186764,0.9968367389156475
0.9168084331989861,0.6666111018503084,0.9576035416666666,3,0,0,255,255,255,109.33942852567945,106.98370176245083,117.28214255334008,115.0,113.0,124.0,45.45614788059915,50.635199787863385,52.296594518438525,6.712451864829209,0.531472079278409,0.03319656317892122,0.998684852587324
0.9522118561674282,0.6666111018503084,0.969728875,10,0,0,255,255,255,140.47025695713145,127.49896983662916,103.49219775475903,142.0,138.0,98.0,33.15706112465324,37.249149658966935,47.25197332322082,6.021731291898219,0.4948611887778782,0.04970243733160824,0.9976967784220114
0.9817121015158494,0.6666111018503084,0.97982125,5,0,3,255,255,255,105.3597660457626,101.7540339628274,93.56950855406875,101.0,104.0,77.0,42.80508439267771,40.28502886012913,53.457754081079386,10.22799116468493,0.5412360456761756,0.036911146401470904,0.996716889912568
0.9804178534735,0.6666111018503084,0.96695875,0,0,0,255,255,255,111.98307843190484,99.93878927100045,107.84870412000512,114.0,104.0,113.0,36.257575649043744,39.02170929946013,41.507941947986644,4.954115947954106,0.6949173551757685,0.05370965239563388,0.9984396516609498
0.9421154210251879,0.6666111018503084,0.969167125,3,0,0,255,255,255,127.90482429264543,120.1528790334622,125.08249041670703,133.0,129.0,132.0,30.837844592068258,36.72237270833897,36.19341810686131,4.259025482762362,0.679923202008246,0.06507404504529535,0.9984445433846482
0.9331742224788386,0.6666111018503084,0.96109975,17,4,15,255,255,255,109.19874428573448,117.25966091622297,97.5473353572301,100.0,115.0,81.0,42.20065428544099,34.1416535226374,50.805363923705826,3.262057469714059,0.6273282565670857,0.04445742003904393,0.9988449414689373
0.9588511150442135,0.6666111018503084,0.9612186666666667,6,0,0,255,255,255,118.89638899369412,105.14773108338859,102.51919520740338,112.0,103.0,89.0,43.879992721940276,40.32607906422665,54.00009622925131,3.830359482415023,0.6492530283640585,0.04581122485939271,0.998935614323399
0.9730018751016059,0.6666111018503084,0.979972,2,0,0,255,255,255,105.2701481521921,118.17271943314027,62.83841404822451,100.0,114.0,48.0,52.20014719440216,53.953046615674275,42.95541603792256,5.470209282291123,0.6314257107657566,0.03842752599756998,0.9989734640145993
0.9855735447279143,0.6666111018503084,0.964320625,6,0,0,255,255,255,140.72628082940085,130.1950694130734,122.13986967076778,143.0,135.0,118.0,38.539822851413625,45.49073297018032,51.42775635402536,4.010818377463326,0.6250677919679517,0.04201339811048489,0.9990545588103659
0.9868097498618483,0.6666111018503084,0.9783885,12,0,0,255,255,255,134.7255293611212,129.80565269658558,100.45837977449654,134.0,135.0,99.0,27.578288770416055,33.01599924466255,31.411115194451632,5.566357121396605,0.6003516062221006,0.06553625057823614,0.9972556996712334
0.9837821958300211,0.6666111018503084,0.970676875,3,0,0,255,255,255,132.19621256558727,123.46808535023563,82.5156409112284,132.0,123.0,72.0,46.96495362907008,47.35431650455996,52.62675677121379,5.575744027638317,0.636410038300667,0.040207866524901145,0.99875516861362
0.9800567242078105,0.6666111018503084,0.975726625,7,4,2,255,255,255,94.53952295979077,113.9880970331555,72.64736323216215,85.0,117.0,58.0,48.13475075653858,42.07719531850195,48.55604235822414,3.9137630523632136,0.5019980101663482,0.03455361665717471,0.9989303511896217
0.9605087614415501,0.6666111018503084,0.978216125,17,10,10,255,253,255,73.02321355620671,90.55792425216872,68.82791984405968,56.0,81.0,47.0,43.797052384093625,33.230917733529175,53.41405135877974,4.942416833937626,0.45933631302742317,0.041133424282241135,0.9981723775868039
0.9763912608421911,0.6666111018503084,0.9795604583333334,12,4,0,255,244,255,75.59002726180208,90.7241273732849,73.85735592039134,56.0,81.0,46.0,47.21632692186798,35.5017569038834,58.46676515475187,5.920237103298542,0.4663871727275738,0.03870844410699455,0.9981025593177211
0.9666326414758927,0.6666111018503084,0.9814125,10,18,7,255,245,255,72.86631534480489,89.50327083837496,73.72682209740213,59.0,86.0,67.0,46.33744517472978,36.54138147473255,39.79923319286797,4.681454704217096,0.4710473527623693,0.03581871899508205,0.9983425843103355
0.987945491552336,0.6666111018503084,0.991461875,21,0,8,255,255,255,116.33584813838657,116.73920004908577,75.69851681555245,114.0,119.0,73.0,36.68330788897794,27.2429486490223,30.48326609866825,4.136354267299499,0.6841463155480774,0.057183072507608755,0.9974262192779138
0.9848615523282975,0.6666111018503084,0.99126975,20,0,7,255,255,255,115.53452718092123,118.85996075572096,76.2478103210554,114.0,122.0,75.0,38.55126532872267,30.29470928153213,31.714481642701937,4.256087703120751,0.684961971397001,0.053892031100767956,0.9977839593251583
0.9862600936262713,0.6666111018503084,0.9920547916666667,16,0,8,255,255,255,106.35713035003317,109.73022247805113,69.29234524386779,105.0,112.0,67.0,38.82957945205006,30.652159352362943,31.365991200714905,5.085358772798126,0.6842769308525808,0.05488258697884664,0.9974087747973714
0.9879721268926891,0.6666111018503084,0.97292175,27,0,0,255,255,255,111.21832489783137,114.34333405195913,65.50308092608681,105.0,114.0,59.0,38.255236355573594,34.70210654507943,32.55898213048928,4.356168419633035,0.5066637732076831,0.03961600031379765,0.9980378633555431
0.9815543545814701,0.6666111018503084,0.97842775,32,14,0,255,252,255,118.53927380773219,122.3513521650764,64.39537530151478,115.0,118.0,61.0,33.60424850582689,36.323375015025825,23.79130705750298,5.063612360872956,0.4877053051296151,0.03628232183548714,0.9978731477565519
0.9535924589182005,0.6666111018503084,0.971191125,21,0,0,255,249,249,132.37363448929787,127.046457771121,78.97813329482392,127.0,128.0,74.0,23.93779796394025,27.305683382554957,24.00017153579893,3.80500407066115,0.5222580960682158,0.052458952268664406,0.9969725956997486
0.9729699147197479,0.6666111018503084,0.9847623333333333,14,0,3,255,254,255,112.92223313950201,120.1310260309848,91.48891851908769,111.0,124.0,84.0,39.4008968224839,37.658288689110094,44.09148705859807,5.794819927444138,0.6060150520686949,0.043833663099220974,0.9979098056369273
0.9702517444440913,0.6666111018503084,0.98331575,8,0,4,255,249,255,101.08393408560102,97.20282239792593,92.79876991868244,96.0,96.0,82.0,39.85646893071478,37.54672714989959,48.87721192569312,4.204432945106461,0.6185166432968292,0.04319432917207853,0.9984987383188189
0.9940819472391353,0.6666111018503084,0.9858211666666666,10,0,1,255,252,255,108.80830312867766,102.99209931077763,91.30106546538951,109.0,107.0,89.0,27.793890162406015,26.92663800794529,31.75557207234054,3.7710617723345887,0.6218462655561929,0.06253414625135101,0.9973766225436779
0.9786392682210918,0.6666111018503084,0.970682,12,0,0,255,255,255,119.01008260171714,103.27878839310918,86.44644002017826,115.0,107.0,83.0,39.546002994591184,39.44983657321826,32.71000072406494,5.530728600323677,0.506550277685099,0.03577202046543011,0.9980505497826401
0.9434685470513188,0.6666111018503084,0.966689125,14,0,7,255,253,255,119.40900015297058,103.01323508044361,84.8951454964042,114.0,105.0,81.0,40.03886170795873,37.54524846750419,30.507133285746036,7.818701864577488,0.5050345967300098,0.03601281253483393,0.9971063216921454
0.9434685470513188,0.6666111018503084,0.966689125,2,0,0,249,199,248,111.46747125142223,108.4574764405258,110.71957668742093,114.0,113.0,114.0,19.289745671060295,22.979426121332935,21.77595802751945,5.550899449384053,0.4527707338034779,0.056357513989815575,0.994468462871331
0.9936101053883296,0.6666111018503084,0.992103375,7,0,3,255,255,255,113.26889893572499,122.10571080021441,75.34530684197433,117.0,128.0,74.0,41.64866087896059,40.9525407038086,34.88233640083579,2.2833127088552203,0.6767584152173131,0.045429294678776336,0.9993009886554486
0.9750083206164879,0.6666111018503084,0.9845662083333333,10,1,2,209,200,202,114.72010270682236,113.15643589907552,100.3488369603043,115.0,113.0,100.0,30.403738708915345,28.5995148669474,34.56234145275936,4.4975805678373675,0.47971094442999557,0.03856473153487035,0.9974191744063787
0.9732789672585319,0.6666111018503084,0.9622077916666667,27,0,12,253,224,255,105.1139788889155,96.6048089837837,87.27259626483139,100.0,96.0,79.0,29.254176654543784,25.179101335643356,36.87497193833304,5.879780716863305,0.4971047543318599,0.046024054060007674,0.9955902135640473
0.9675378544271342,0.6666111018503084,0.981886125,14,0,0,223,205,255,99.64678163841725,97.87585907683541,92.45883961340222,89.0,91.0,77.0,39.01756611028856,33.591871955551554,48.743385333181635,5.214759329214855,0.5148085618252733,0.040094840452162175,0.9978500426636423
0.9597954793485364,0.6666111018503084,0.97788625,15,0,4,245,219,255,117.63802857949992,116.68246643376636,113.80605749561022,114.0,111.0,113.0,43.758868491907265,40.29503018894965,52.45248509327221,5.799877952309803,0.5159415825665147,0.035971472090877296,0.9983117742190837
0.9382599085204878,0.6666111018503084,0.967338375,21,0,13,255,227,255,102.7886929948375,94.99587571067535,89.07136390269503,101.0,94.0,84.0,24.030726669261668,22.667382211524284,32.28349654596703,6.656709362164502,0.4658870836769625,0.04556090136743679,0.9939825585424269
0.971023162734329,0.6666111018503084,0.978923375,20,0,7,255,228,255,102.64727355022382,91.36196964003098,90.06917625192064,102.0,93.0,84.0,31.788720566109145,25.014573610651222,39.53837119755657,4.90858125156314,0.48363501765209027,0.04324669750597521,0.9960854383171631
0.9779826624484581,0.6666111018503084,0.98238375,13,0,5,255,206,255,103.78349232161057,94.12877821421618,86.44709929631199,104.0,97.0,82.0,29.48259675369197,23.883945587750926,36.766903991274276,5.068395451918214,0.4823114491493185,0.04602203735255844,0.9954797489101375
0.9715424960175183,0.6666111018503084,0.973451875,11,0,0,255,214,255,97.67653297361687,87.83428927427289,80.4646176439556,98.0,91.0,75.0,32.72837797804553,25.149195480089617,40.97474183985117,5.438195213698899,0.483564069905563,0.04286418352706613,0.9958152529430284
0.9775486191921707,0.6666111018503084,0.965844625,11,0,0,255,247,255,107.17128699660155,104.74205318824788,86.53411580045807,104.0,102.0,82.0,22.021880977314126,18.101273184541167,28.874780026641133,6.707755792531199,0.46908453178689224,0.05519774060144063,0.991375516836768
0.9921616639610987,0.6666111018503084,0.987599,8,6,2,250,255,255,84.70874236405666,91.66052572113445,74.66092635607502,89.0,90.0,76.0,34.62866160902076,38.95026371749542,37.57407562911009,4.464214674091291,0.4677176757640768,0.037088510298285665,0.9983675492718442
0.9868453771484496,0.6666111018503084,0.9864513333333333,17,8,2,255,255,255,104.84729935992787,109.02567080518249,100.59729767036995,106.0,106.0,105.0,30.38297628549401,34.438054980925905,30.731806046695695,6.429079617675784,0.41337566309100204,0.03672623126656525,0.9969627563060293
0.9824415408984895,0.6666111018503084,0.9841185416666667,9,0,4,255,254,255,76.4710671499813,93.88376950693397,79.36181079134056,75.0,95.0,78.0,31.080040812402274,29.825322639368423,32.74187288693543,5.186349786163529,0.4608017373528086,0.03909184845315379,0.9970816193501493
0.9903834228364568,0.6666111018503084,0.98079175,20,0,0,255,255,255,104.9905575011209,106.40355504451718,65.94211746955118,98.0,102.0,55.0,40.617838183942744,32.11380498972263,36.62070359337607,3.84697947209491,0.59735010599769,0.047699183373107024,0.9983427797427138
0.9785183616246738,0.6666111018503084,0.975244,18,0,1,255,253,255,111.15304776719125,113.06720258383201,70.96148254522286,101.0,108.0,57.0,42.33202851945389,32.282324951586524,39.65327284855483,7.447286375316082,0.4676448206993489,0.039100193003779676,0.9969200230775337
0.9910263720936907,0.6666111018503084,0.9869675416666667,19,21,7,255,255,255,96.91132518246864,108.90641375786548,62.13403176337148,91.0,108.0,53.0,37.08899430096231,30.857935954896618,36.39101374379656,3.023855903425763,0.5999662214613187,0.04765170399853285,0.998525067758449
0.9645674020453604,0.6666111018503084,0.9786772083333334,9,0,0,255,255,255,115.7257328163146,118.22124314652095,72.74068024556786,108.0,121.0,61.0,40.55164713485584,32.340833873690734,39.82106002412547,6.378699924767351,0.6221578017113414,0.052343870234861506,0.9973456931197267
0.9641095220619188,0.6666111018503084,0.979112125,19,0,3,255,255,255,99.75605190093354,106.6432237438247,67.35079932750297,93.0,103.0,55.0,51.38581974333161,47.02815415667319,46.804112926797906,5.943359641738265,0.539568409158115,0.03505702401184736,0.9986691761230233
0.9943308456928901,0.6666111018503084,0.987101625,10,0,0,255,255,255,101.46289230858069,103.67324501669218,66.39000387455884,92.0,100.0,56.0,42.43231059526429,34.638505184524604,38.324409975568244,6.661001968066325,0.5765140790907579,0.04448285557029845,0.9974026826245015
0.9611808403648017,0.6666111018503084,0.977555875,14,0,1,255,255,255,115.69675838222547,117.83918417110088,75.74603318710554,115.0,120.0,68.0,43.695484047998875,36.32833235879021,41.683625207322386,5.228856560399118,0.5452613851426495,0.04103361591717103,0.998137738248702
0.9739124337389572,0.6666111018503084,0.969826875,17,8,11,255,255,255,101.74387005068989,109.86202713585693,89.95776415421223,90.0,99.0,75.0,50.60418612613985,49.20088058207791,53.84087463196163,6.683765906043327,0.4322441207431568,0.029843916746212763,0.9986248677307964
0.964945426092669,0.6666111018503084,0.9723560833333333,18,0,0,255,254,255,86.53623921037844,102.50061941471544,72.38766272438089,79.0,102.0,63.0,39.337207356306045,30.340520874086376,41.80636345451999,6.685944636605881,0.48434566483794017,0.03990135890861575,0.9968519330288945
0.9573479923413513,0.6666111018503084,0.97590975,24,4,13,255,236,255,117.99040527740057,128.6112191299793,76.96878173587943,116.0,132.0,71.0,23.626574158489568,24.016089393041106,26.47635304597703,4.347978689621516,0.49741583698016,0.04788251420696742,0.9965572482008287
0.9871442901952983,0.6666111018503084,0.973177875,20,13,7,255,255,255,82.1430561533608,100.60436686184767,59.754344497402386,76.0,99.0,53.0,36.37447931637168,30.292131270786946,30.73073115501249,4.816612562986639,0.5045940978835384,0.04066170995428924,0.9975326848979387
0.9864767462080001,0.6666111018503084,0.9831475416666666,10,11,5,255,255,255,95.51757359579084,118.29614417402,77.84602289898757,84.0,116.0,59.0,57.66598045002816,52.998334954137974,60.17194552047104,6.5473452316618355,0.5231391028392307,0.0330831529184458,0.9988845083813428
0.9815174187283193,0.6666111018503084,0.984996125,18,4,1,255,255,255,103.44852384571564,116.7116186624592,78.3516431346367,101.0,118.0,72.0,28.124496704881878,22.638527914458585,30.827301682280947,6.480479365197974,0.45559447462315006,0.046186199401534796,0.9945580942991747
0.9833971219036824,0.6666111018503084,0.987475875,14,0,0,255,255,255,69.56362203954265,89.36911133820527,65.04564162137126,57.0,84.0,50.0,41.08195916398754,36.00150250904801,43.19015868933375,6.874326182920094,0.49317620664749356,0.03830762099684691,0.9975202865931296
0.9848559044766745,0.6666111018503084,0.985917875,16,0,2,255,255,255,83.27323354222919,106.03840372269005,77.75426832584813,70.0,101.0,62.0,46.111078353557794,40.390372497001785,49.024298111983406,8.606380466650691,0.4315886193590678,0.031201643834059538,0.9975706411071099
0.9830120903247509,0.6666111018503084,0.9755849166666667,20,23,9,255,255,255,86.55887899387538,110.30680619891366,77.00568833961917,76.0,104.0,67.0,41.59777755328416,42.154940893785806,42.976402825576926,6.228355921461014,0.4156343273070105,0.030177457261764448,0.9982544053266142
0.9701115751832534,0.6666111018503084,0.97627975,19,1,14,255,255,255,81.68423877309074,105.02927119506474,79.91851157416714,73.0,102.0,72.0,39.194336206041775,33.22938759463603,39.249598953085524,5.629497372448546,0.43399221456047266,0.03577244264283114,0.9976797027763864
0.9701115751832534,0.6666111018503084,0.97627975,14,5,4,255,252,255,87.29143093974857,108.50918542217707,83.97413779195973,78.0,105.0,75.0,41.61593925128499,34.97792575224866,42.148149004447376,6.4576380504161275,0.4323543136647163,0.034988442285702796,0.9975723888483271
0.9825723358388344,0.6666111018503084,0.98102775,8,0,8,255,255,255,95.19480340048145,110.26919481465569,82.60937271312322,89.0,107.0,75.0,30.26597954217313,23.87623347608489,33.36087871340048,7.345944492526847,0.4428887381516198,0.04465412725280195,0.9943376355899783
0.9932174212403171,0.6666111018503084,0.9894155,17,2,5,255,234,255,117.9411706962343,119.55781818491153,102.04624893855681,115.0,119.0,98.0,28.282127817140935,18.729995994103913,28.872180805006806,5.524833856261176,0.45512377234673673,0.047541155118545037,0.994019714134666
0.9565756623541714,0.6666111018503084,0.962632125,16,0,6,255,255,255,86.52455452976564,102.14284727408199,77.02143091093426,80.0,102.0,67.0,44.37274377290948,40.54564855240223,45.69266632143995,5.92749789466094,0.4479968123010964,0.030576120070782815,0.9986407514492139
0.9483942096442359,0.6666111018503084,0.9604199583333334,11,3,6,255,246,255,78.50460056991562,93.69766888868364,68.27647588539718,72.0,94.0,58.0,41.78833231751357,38.95453523314979,43.81211495460823,4.021758182912541,0.49678905402194085,0.03450145320894151,0.9989073071765036
0.9699640332257674,0.6666111018503084,0.976154875,0,0,0,255,255,255,92.94199089053363,77.07947995957096,84.22656232359303,97.0,80.0,85.0,47.27034531067904,38.36325539753013,49.859246161241444,4.9645560059669664,0.5444010885688881,0.04455121088445529,0.9985036903470075
0.9793751084769978,0.6666111018503084,0.988230625,9,4,3,255,255,255,111.69064803741198,115.52918210092237,78.91091333901268,107.0,115.0,68.0,50.15901681674113,48.43049741219201,46.83218278220609,4.644012891106681,0.5864095453274981,0.03516980760270169,0.9989871393543384
0.9455113814130716,0.6666111018503084,0.9675145,13,8,0,255,255,255,85.1568038515185,87.630958330168,80.64369272157333,77.0,86.0,74.0,37.28938672034692,33.6674563285679,39.98479732958344,6.358869758981108,0.529474724257765,0.039247773430788065,0.9979568887639549
0.945601432215001,0.6666111018503084,0.958182875,14,9,1,255,255,255,84.46079917155689,85.91591253739881,82.8186920129069,76.0,84.0,76.0,34.37680539756149,30.26695133974359,39.46913744442757,5.864562775620708,0.5281897746485507,0.04113939755181587,0.9980330155666483
0.980192410656435,0.6666111018503084,0.977645375,35,10,11,255,255,255,112.74459646645049,101.1493957271231,70.79474625448927,98.0,88.0,54.0,43.37114887752357,37.1446910836091,44.95462021718894,8.209435317179565,0.5537812977391989,0.04931515936765468,0.9972068102077627
0.9831935845644433,0.6666111018503084,0.975282375,20,0,3,255,255,255,95.8672589993915,81.7316158051149,61.42276516754101,88.0,77.0,50.0,40.82150849118152,30.08945508614642,43.69766093019915,13.486833041820649,0.5309712690913,0.04661606161982142,0.9933949626792962
0.9699239284515927,0.6666111018503084,0.97339475,20,0,13,255,221,255,118.95503027762717,106.17869548813572,101.45300403561865,116.0,102.0,87.0,34.036278439117,28.266097917296182,46.50725453592146,7.022822980077082,0.49641570136864177,0.04328334110985753,0.9957814982656326
0.9743338532966582,0.6666111018503084,0.976467125,7,0,3,255,255,255,125.8255272802963,120.3806212369925,115.28330758361851,134.0,129.0,122.0,48.81934271573442,49.5028249603191,50.50098260084576,4.55805590312209,0.6263263453504304,0.04542581841938163,0.9990731321151638
0.9669601928413658,0.6666111018503084,0.97650475,6,0,2,255,255,255,139.82428179006126,133.71782655605787,130.39962516823394,163.0,156.0,154.0,51.4728634858492,52.64691363623653,52.15464259682888,4.376286911873069,0.6455517544518571,0.07115740990428157,0.9992274886665242
0.9619189315022193,0.6666111018503084,0.96348075,12,0,1,255,255,255,108.76670745627248,104.38299139171524,74.1978964464694,110.0,106.0,71.0,33.27044079529172,29.019063421998812,32.030786158991134,8.397548150595208,0.5055658869472808,0.03988350155751318,0.9956002619259198
0.9826238530421527,0.6666111018503084,0.9716232916666667,6,0,4,255,236,255,97.5609672370023,90.32013718965757,74.89379268602856,77.0,77.0,61.0,69.72023041977134,50.41043320516345,50.787998122825655,4.578250387758687,0.45975680337345387,0.031142190332728283,0.9990010518092372
0.9636503552518016,0.6666111018503084,0.979710375,10,0,0,255,249,253,112.69008157980703,110.82641553632624,88.03353610159193,109.0,120.0,90.0,36.803793870694676,39.032866357198756,30.658358964183993,5.299617127346697,0.44756120289608853,0.03678133171640733,0.997486530675733
0.9297250088242925,0.6666111018503084,0.96337775,20,0,8,255,243,237,113.12587365132732,72.1840697569913,59.84929989819673,103.0,71.0,55.0,52.89287741819201,26.242183917201917,24.37234095304491,5.71425677305597,0.4164129919388442,0.04132302116849468,0.9951863077739691
0.926161973206739,0.6666111018503084,0.9309812083333333,15,17,4,236,251,226,116.38977473990367,149.41683771902126,66.20388922995178,116.0,152.0,60.0,27.580623332670402,24.851391213946002,34.72402130344152,4.613123539056151,0.6212523425625811,0.05271092557411944,0.9973090871590319
0.975914085566235,0.6666111018503084,0.96254575,7,0,0,246,231,255,116.84374357443963,118.39544791334161,106.7177788692122,120.0,124.0,102.0,22.76276824041781,27.599307013947993,29.19525008369478,6.174478008936838,0.4151220527736456,0.04442944370723871,0.9964131236628957
0.9671587373847932,0.6666111018503084,0.965173125,20,7,3,224,209,239,101.2980677257599,116.9258816477441,86.83911431260928,94.0,118.0,72.0,23.394387278126633,17.431199036826087,35.10492194224675,5.232443897280644,0.43422273123607036,0.04969712007122955,0.9945277900025341
0.978088002118136,0.6666111018503084,0.9783769583333334,6,1,2,255,254,255,103.38249176026946,111.33617316979094,79.20543032003641,103.0,115.0,73.0,58.97111254980118,59.47511201200529,54.45668851420127,6.114833103417999,0.54624771292793,0.03259879325766946,0.9990891695469268
0.8826846836594873,0.6666111018503084,0.9366905,3,2,0,255,255,255,112.17751465576588,101.95598737434261,92.48074973359219,106.0,94.0,79.0,54.45698402078139,54.07836710930129,58.72778499775887,5.730219791593013,0.570219638978033,0.033156554028139364,0.9991048679130801
0.9772461982323589,0.6666111018503084,0.9728993333333333,7,0,0,255,255,255,106.33513612062639,102.46313030673267,94.53582530635235,102.0,97.0,86.0,55.16239090241864,54.012942804037316,60.28720132247826,6.304375889194979,0.5622120803468564,0.033391417322525596,0.9989269808961739
0.9940293076964425,0.6666111018503084,0.989167,8,2,0,255,255,255,116.00585075624237,122.26832627857581,71.70736096634845,120.0,129.0,67.0,35.00860773273375,38.52652485677174,36.95976905567247,3.433098844892935,0.6633106880451745,0.04982969282637361,0.9987178031069197
0.9866849523439739,0.6666111018503084,0.987675875,3,2,0,255,255,255,103.15078626713782,117.83326505435467,63.22530105503151,101.0,123.0,54.0,42.44016399887562,42.48924048982157,42.29435047523247,5.023862442917543,0.6280581607847946,0.042316022534213044,0.9985202704627455
0.980128884249497,0.6666111018503084,0.986453125,3,0,0,255,255,255,118.68232064583235,118.86214676951832,77.98766865717349,113.0,128.0,65.0,49.59943629351788,43.26524925401199,43.733783551835806,5.674354679398226,0.6450203559612158,0.05113618654878589,0.9984511271366893
0.9891682584825604,0.6666111018503084,0.993599625,4,3,0,255,255,255,115.50738742814374,108.02440679598016,68.82498064382153,108.0,110.0,60.0,52.958097959117346,42.799173131357016,41.51920198871061,3.563311524693433,0.6794859742739947,0.043914585495860865,0.9990115150272814
0.9896171513817432,0.6666111018503084,0.986376,7,4,0,255,255,255,98.22270023466372,121.40255195111533,63.99024666219238,97.0,124.0,59.0,25.4215556504942,26.392241936989254,30.8606925157625,3.833424110929454,0.6451104364949389,0.06405299420878628,0.9969975902840704
0.9777765283637974,0.6666111018503084,0.96488125,8,4,3,255,255,255,115.97354311735252,122.3813277972462,74.58414908570356,115.0,123.0,70.0,31.107128883737413,28.836044263631464,33.79726767033505,2.7205226946842798,0.6371059174306397,0.050934825442072215,0.9986229491243928
0.973916662393303,0.6666111018503084,0.983923625,6,3,2,255,255,255,98.72322949185546,93.89271419144279,86.93857979407024,95.0,89.0,76.0,50.35236700600963,50.61643972297355,52.52241632478335,4.933308406267387,0.6407601432222199,0.03993939814194534,0.9990118314567475
0.9567852953765982,0.6666111018503084,0.9639715,13,4,3,255,255,255,110.56391756222392,102.34204862384416,66.0649840270174,111.0,100.0,60.0,38.179170627221865,40.10309301478112,35.02718708796219,3.800330447865366,0.6174704848173476,0.041088860875559324,0.9988011297180016
0.9663902683098851,0.6666111018503084,0.97682225,1,1,0,255,255,255,120.51314440779784,122.73740582451583,78.87768608021231,118.0,127.0,67.0,36.051779574606634,34.52682190046925,40.16957782583228,8.747798659298397,0.5084202193352777,0.04268895285978219,0.9962943070189689
0.9848666932077595,0.6666111018503084,0.980622625,4,2,0,255,253,255,112.21971347030669,116.20716268571375,70.74761821177982,110.0,117.0,62.0,34.69282234631695,34.97527304981307,37.6816728591539,4.8496150252156625,0.5676102000886261,0.04274730907472564,0.997986431716511
0.9584492835784304,0.6666111018503084,0.95211575,14,0,2,255,255,255,137.50877637514137,127.55979932061832,92.28513541201967,140.0,128.0,88.0,41.925965317758944,45.880870809984245,43.186876091678805,6.218253180133756,0.5270681983254113,0.03361660814103508,0.9985347755989444
0.9708930198885626,0.6666111018503084,0.9565838333333333,19,8,8,255,255,255,131.00127602511924,125.09623686057834,87.39791864382683,132.0,125.0,80.0,42.20977915145605,44.45000244711517,45.79209674828707,3.929217402689881,0.5392884819779082,0.03447253449069518,0.9990409600971781
0.9798104553750849,0.6666111018503084,0.961514125,19,11,7,255,255,255,128.67820541204566,122.29072007479176,85.23483967712556,128.0,122.0,79.0,41.12473024981629,42.701169544637956,44.5004904374557,6.310609581480578,0.5347611034472886,0.03538624969936071,0.998298173429271
0.9776746141066168,0.6666111018503084,0.9598655,18,9,7,255,255,255,124.14277078403173,119.02076211024705,81.6346250681302,124.0,118.0,75.0,41.59615053352653,43.67932192250429,44.138236460910754,5.184247669851941,0.5377880179251153,0.034864891048234814,0.9986357977785609
0.9866579083172523,0.6666111018503084,0.992278875,13,8,0,255,255,255,83.5831329843303,79.3561117500024,70.69143624904171,67.0,64.0,53.0,50.628496000975034,49.89978625364502,57.321087744357555,6.197129869083983,0.5302747550315254,0.04373379824236659,0.9987948148619271
0.978215090895753,0.6666111018503084,0.977526,10,7,5,255,236,255,106.70984399221436,116.80074332208726,62.278642673783956,104.0,117.0,57.0,35.75725004169359,35.51420754568468,32.13484769461418,1.8997477584376186,0.6902437631753353,0.054621915066567106,0.9991603697457124
0.9381472329873185,0.6666111018503084,0.967269875,6,2,0,255,255,255,112.81206292090923,104.74983136600493,104.80762344979816,116.0,108.0,105.0,37.186609553706994,36.68184529188141,38.06404808086486,10.144651346596287,0.49839003664706144,0.03724466942002738,0.9962324013927225
0.9543578017560175,0.6666111018503084,0.97466875,2,0,0,255,255,255,101.90004035559089,114.98199952547981,73.08538499190965,99.0,118.0,61.0,36.095901802739746,37.30982544448806,42.26232492876103,3.780567449456894,0.6774408323967289,0.0494196602878481,0.998584413576183
0.9655365450881258,0.6666111018503084,0.970729,7,2,1,255,251,255,110.90754551476262,118.22195170674136,79.12400251082778,111.0,122.0,71.0,34.21367577177109,37.00388403726859,39.94853894341821,4.238467532248995,0.5339405796055924,0.03830175453059344,0.9984043707819426
0.9811868638307865,0.6666111018503084,0.9869695,14,8,0,255,255,255,125.53096279402082,128.98464981271795,81.72228798188124,123.0,130.0,75.0,35.772818747624285,32.664661499159855,37.036481051249595,3.925251302782293,0.6667641247098892,0.0510801336775498,0.998210073715665
0.9741345845104061,0.6666111018503084,0.973223,6,0,0,255,255,255,97.41864231870119,107.44285281139746,72.48235360754934,91.0,104.0,63.0,48.520332926786004,47.9421683182002,46.631413853430374,7.241205423723226,0.6155795982750145,0.038853353019117895,0.9983691412395534
0.689797508538849,0.5154564378522091,0.026699625,2,1,0,234,223,255,83.8001314000977,73.2385036618804,77.43605637407516,76.0,63.0,58.0,56.36727695894449,52.23670586791762,61.883317920322625,12.524017393770826,0.44368650018748357,0.02939976543700897,0.9970921094302259
0.6361751952176389,0.6549255757580608,0.017302416666666667,14,7,8,255,242,255,148.1031118003747,124.11433614764796,121.5345809111444,154.0,126.0,113.0,48.96924572875489,46.14416918279532,58.61804834146792,4.181772992075448,0.5304985115158881,0.03882980598172113,0.9985791680187118
0.9014706606619476,0.7118189134227089,0.008178208333333332,17,10,4,255,255,255,149.51025336641584,128.509045889228,115.63683977236253,157.0,138.0,119.0,45.592587292606616,45.6991627137764,43.14916825228196,3.452631118705381,0.5800970147784537,0.03629090786248483,0.9991621671613038
0.4980392156862745,0.7734623886484905,0.0129755,4,3,2,250,235,233,102.01143822331831,93.91405276611049,83.52421871989519,116.0,107.0,86.0,46.679890884012714,44.5328212965142,37.2425669538284,3.0862742574777577,0.6108453742139321,0.059163613976986634,0.9971457360483021
0.4993793338156268,0.9143523210206336,0.03939170833333333,7,8,4,255,249,255,121.85413279655934,112.36626785882393,93.6615647751589,123.0,120.0,92.0,55.30810218421362,46.37474954770434,40.5077888260186,3.143016550176405,0.5828553916796737,0.06868748104414481,0.9975159685071142
0.6324945216354549,0.0,0.007349916666666667,2,0,1,255,255,255,83.38800893434166,80.8505595301534,71.85426705518204,82.0,75.0,54.0,53.31562717505567,54.211308309161915,58.63037150710684,3.733734093673215,0.6170650811316979,0.055983303036201276,0.9970796334604644
0.7304197326875486,0.9516321385294051,0.1181235,3,0,0,255,255,255,56.33528961919799,34.13407754031444,26.879395293908495,24.0,18.0,14.0,63.37191271586736,42.000823356175665,43.28092886032036,2.8846105980638783,0.6009409715632391,0.03459316890942769,0.9997125481854671
0.8846556409047173,0.4429713552827135,0.0686645,0,0,0,255,255,255,115.06090362074532,89.37359673970295,72.43051419098175,105.0,71.0,47.0,78.50006726111424,68.06048580774944,64.39491631267533,4.898025824531896,0.5828694520342428,0.034970633886031555,0.9995584557199174
0.5694129578786818,0.500738843618308,0.07400491666666667,0,0,0,255,255,255,79.10444745225261,66.19780273607947,59.509994268398835,61.0,49.0,42.0,62.966194156939935,57.87441943079137,57.03363389258529,4.40990586831851,0.6295876505248386,0.043150176482624654,0.9995268327797893
0.7728079928137483,0.0,0.022765875,2,0,0,226,218,233,92.2892798248841,72.56458039353491,59.03594012236882,98.0,72.0,53.0,51.089708861826175,46.221408923233106,42.25930049083312,6.707587697514242,0.45004871277542735,0.030897544291003342,0.9983248874876991
0.7707730768141398,0.8842981733447668,0.02347975,3,1,0,236,231,245,93.43841679177447,75.83548412284344,59.99773386286765,84.0,64.0,50.0,55.590986233678684,53.8798578830654,46.70103176454732,7.274413013184401,0.43341052707977146,0.03611798629462351,0.9984792302561076
0.7367567891688281,0.7942283441469941,0.020355916666666668,3,2,0,220,210,214,94.15029414052425,73.5110144061309,54.52758411763983,99.0,66.0,45.0,50.09626591515815,45.766763140296014,38.62381953424538,7.9277477089759145,0.4997975874859694,0.03926405006177539,0.998469590826168
0.6483829711558751,0.8759609713944158,0.02675120833333333,2,0,0,228,221,216,86.80148716023731,67.48573662560413,45.58439727800457,87.0,54.0,35.0,55.000090385815795,50.844523575527724,38.46756462902291,5.079587106092511,0.5005420081477534,0.03900762608685304,0.999021653583356
0.6438148877240331,0.8310884378091501,0.024148125,2,0,2,253,242,255,88.77204061737022,70.71446885972858,81.32869701753931,92.0,69.0,80.0,53.07329191813879,46.617787545741635,51.08373586854667,4.8630213168740095,0.5413356543857389,0.04514845916612216,0.9979020267283853
0.8235424980839294,0.6852908190477335,0.006230625,13,9,2,228,218,202,113.5008258936035,88.21972113552012,63.12108202093155,110.0,71.0,39.0,52.71514163954098,54.186402607926276,53.01093823543498,2.290702400444867,0.6878212817850606,0.046452054110822386,0.9997151333264378
0.4980392156862745,0.6548809628195508,0.007295375,2,2,0,255,255,248,75.54136467739264,62.234743473319284,43.95999748699233,72.0,56.0,40.0,37.89096500832853,37.473170256139284,27.60828658893335,2.5309532104228887,0.6225947633594192,0.04567029474523031,0.9992375027266138
0.6211418471365721,0.985774501659215,0.00625025,7,7,0,214,208,204,98.70078530192126,75.14430089463089,55.65772702425237,98.0,70.0,47.0,46.799467155566866,43.46632570423436,38.47385902589242,5.150304791537549,0.5098915181735512,0.03714744633492534,0.9993598332651759
0.7747216681643242,0.7147827735399606,0.020050375,7,2,0,255,255,255,89.27736596780193,65.28778763489461,56.7122331460966,82.0,52.0,46.0,52.39772591627016,46.71005984051469,39.267959274856224,7.320398524468956,0.521881967032501,0.037005847239784145,0.9971438294151435
0.6343579413042619,0.7735221835751148,0.0070325,5,4,0,252,239,233,79.89334044318048,60.23562033416282,57.19134376110914,60.0,37.0,31.0,54.35553020103947,52.163960284096596,51.85760144877467,2.0271828815106763,0.70470927990763,0.07737811630671507,0.9978147764171954
0.5065491597897599,0.9445252656477406,0.01195925,6,3,3,255,255,255,140.45174934325593,111.76824076203218,103.18029976796204,141.0,119.0,102.0,57.82855726518216,52.95813713739419,53.474601146812894,3.840456881249094,0.6216829464654052,0.04720117551786177,0.9984459672734198
0.4980392156862745,0.7063774687065095,0.023366666666666668,0,0,0,255,255,255,127.06082382310984,101.6260057061341,77.42946683309557,125.0,96.0,63.0,62.59178457760959,60.36123553432195,59.839464653894524,9.963123884734337,0.6156186971504376,0.0647717695517668,0.9983964218875249
